Name,URL,官方均价(元/O),min租金(元/月),max租金(元/月),avg租金(元/月),房子数/租金样本数量,租房最小面积(O),租房最大面积(O),租房平均面积(O),二手房样本数量,min二手房价(万元),max二手房价(万元),avg二手房价(万元),min二手房均价(元/O),max二手房均价(元/O),avg二手房均价(元/O)
鞍山,https://anshan.anjuke.com/,4731,500,2500,1511.8653846153845,52,53.0,139.0,83.14038461538462,59,0.1,14.0,12.00677966101694,12,1972,1609.7796610169491
阿克苏,https://akesu.anjuke.com/,-1,900,15500,1897.4305555555557,72,28.0,157.0,90.98611111111111,60,13.0,21.0,18.488333333333333,1273,2958,2050.866666666667
阿拉尔,https://alaer.anjuke.com/,-1,700,14000,6173.6,5,84.0,105.0,93.0,19,26.0,46.0,40.32631578947369,2688,4681,3936.0526315789475
阿拉善盟,https://alashanmeng.anjuke.com/,-1,450,13000,1885.2941176470588,34,25.0,130.0,96.59705882352942,54,24.0,450000.0,8378.42962962963,2331,45941808,854620.5370370371
安丘,https://anqiu.anjuke.com/,-1,380,10000,1042.2238805970148,67,45.0,240.0,87.16417910447761,60,18.8,26.0,23.86499999999999,2297,3686,3090.633333333333
安宁,https://anning.anjuke.com/,-1,800,1400,1120.8333333333333,60,50.0,105.0,75.30999999999999,60,21.0,33.0,26.86333333333333,2917,4648,3719.9666666666667
林州,https://aylinzhou.anjuke.com/,-1,150,15000,1605.0833333333333,60,20.0,174.0,93.15,60,22.0,42.0,35.49333333333333,2136,5250,3470.8333333333335
安岳,https://anyuexian.anjuke.com/,-1,500,1700,1063.736111111111,72,38.0,145.0,87.84722222222223,60,20.8,31.8,28.326333333333324,2338,4143,3342.483333333333
阿勒泰,https://aletai.anjuke.com/,-1,900,5000,1742.857142857143,21,63.0,160.0,103.43809523809523,60,25.0,43.0,35.83833333333333,2683,5375,4057.85
蚌埠,https://bengbu.anjuke.com/,7344,400,1600,1130.1666666666667,60,58.0,120.0,82.86999999999999,60,17.5,28.0,24.183333333333334,2375,4000,3083.15
本溪,https://benxi.anjuke.com/,5400,320,3800,1344.3835616438357,73,30.0,215.0,67.7041095890411,60,5.0,15.0,12.933333333333334,674,2143,1713.35
巴音郭楞,https://bayinguoleng.anjuke.com/,4061,550,9000,1418.6986301369864,73,25.1,435.0,89.7931506849315,60,14.0,17.8,16.664999999999996,1556,2543,2175.55
巴中,https://bazhong.anjuke.com/,4849,300,15000,1299.2682926829268,82,20.0,200.0,92.54512195121951,60,14.0,23.0,20.595000000000002,1643,2879,2327.0666666666666
巴彦淖尔市,https://bayannaoer.anjuke.com/,5503,375,21500,2264.5915492957747,71,20.0,132.0,78.69577464788732,60,10.0,19.0,16.948166666666665,1112,2572,2069.233333333333
亳州,https://bozhou.anjuke.com/,6324,480,15000,1546.2941176470588,85,20.0,139.0,95.54235294117647,60,18.0,29.0,25.422666666666668,1800,4000,2873.35
白银,https://baiyin.anjuke.com/,5702,680,10000,1331.2643678160919,87,26.0,122.0,77.43333333333334,60,23.0,30.0,27.836666666666655,2552,4258,3662.633333333333
百色,https://baise.anjuke.com/,-1,650,3200,1845.9666666666667,60,12.0,208.0,93.27166666666668,60,20.0,30.0,26.74833333333333,1954,4143,3096.133333333333
博尔塔拉,https://boertala.anjuke.com/,-1,700,12000,1319.5245901639344,61,35.0,150.0,87.1639344262295,60,12.0,20.0,17.91166666666667,1264,2858,2334.0666666666666
毕节,https://bijie.anjuke.com/,-1,400,13800,1726.2087912087911,91,28.0,150.0,94.57472527472527,60,19.8,24.5,22.489333333333327,2106,3500,2855.1
保山,https://baoshan.anjuke.com/,-1,600,16500,2084.0285714285715,70,35.0,1200.0,128.17714285714285,60,22.0,32.6,28.159999999999993,2871,4367,3367.383333333333
霸州,https://bazh.anjuke.com/,-1,460,4000,1243.1666666666667,60,40.0,153.0,99.09333333333333,60,18.0,23.0,21.73116666666667,2499,3286,2780.1
北流,https://beiliu.anjuke.com/,-1,450,2500,1253.28125,64,20.0,164.0,79.671875,60,29.0,51.8,44.422666666666686,3000,6494,4443.533333333334
博白,https://bobaixian.anjuke.com/,-1,400,2500,1214.0,20,35.0,160.0,102.55,50,36.0,88.0,61.001999999999995,3339,6087,4727.46
博罗,https://boluoxian.anjuke.com/,-1,700,1300,1081.8333333333333,60,32.0,99.0,70.28999999999999,60,18.0,22.0,20.523333333333333,2167,2934,2559.0833333333335
宝应县,https://baoyingxian.anjuke.com/,-1,518,16800,1766.35,60,28.0,210.0,84.98333333333333,60,26.0,49.8,43.78,2796,6685,5186.716666666666
博兴,https://boxingxian.anjuke.com/,-1,200,16000,1826.2903225806451,31,20.0,176.0,85.76774193548387,60,26.0,68.0,57.12833333333333,3600,8286,6064.333333333333
成都,https://chengdu.anjuke.com/,-1,800,1400,1220.9833333333333,60,37.0,100.0,73.205,60,16.8,24.0,21.57833333333333,2240,3381,2777.8166666666666
重庆,https://chongqing.anjuke.com/,11320,600,1000,884.4666666666667,60,30.0,92.0,63.858333333333334,60,13.8,18.8,16.901666666666657,1389,2686,2089.15
常州,https://cz.anjuke.com/,14767,1000,1800,1546.8666666666666,60,45.0,95.0,71.84166666666667,60,35.0,45.0,42.906666666666645,4300,6258,5505.65
沧州,https://cangzhou.anjuke.com/,10735,600,5000,1536.9,90,40.0,450.0,99.64666666666668,60,26.0,40.0,36.41833333333332,3158,5715,4342.7
昌吉,https://changji.anjuke.com/,6010,200,1800,1106.7391304347825,92,37.0,160.0,85.66739130434782,60,10.0,23.0,20.005000000000003,1389,3272,2447.133333333333
赤峰,https://chifeng.anjuke.com/,9818,916,3750,1638.1411764705883,85,25.0,143.0,80.01647058823531,60,20.0,34.0,30.261666666666667,2000,4715,3827.8333333333335
常德,https://changde.anjuke.com/,6842,1000,2700,1784.5892857142858,56,39.0,130.0,81.78571428571429,60,15.0,28.0,23.53666666666665,1852,3972,2872.95
郴州,https://chenzhou.anjuke.com/,6363,280,3800,1317.6962025316457,79,25.0,205.0,73.7886075949367,60,19.0,32.0,28.666666666666643,2117,4515,3415.6666666666665
长治,https://changzhi.anjuke.com/,9165,499,3000,1305.2875,80,30.0,300.0,88.05375000000001,60,19.0,37.0,30.59,1667,5286,3561.5333333333333
池州,https://chizhou.anjuke.com/,8997,400,2200,1148.4657534246576,73,25.0,212.0,84.15205479452052,60,18.9,37.5,32.58,1634,5000,3656.35
朝阳,https://chaoyang.anjuke.com/,4766,167,14000,2045.231884057971,69,20.0,150.0,67.31304347826088,60,10.0,19.8,17.49516666666666,1429,2715,2333.8333333333335
楚雄,https://chuxiong.anjuke.com/,5639,300,5500,1228.625,80,25.0,317.0,86.61500000000001,60,20.0,31.6,27.759999999999994,2470,4429,3549.85
昌都,https://changdu.anjuke.com/,-1,2500,6000,3571.4285714285716,7,80.8,186.0,136.77142857142857,7,40.0,150.0,75.28571428571429,3659,10639,5995.714285714285
长葛,https://changge.anjuke.com/,-1,400,3000,1146.65,60,30.0,300.0,102.48333333333333,60,18.0,43.0,34.24333333333334,1637,5059,3048.5333333333333
岑溪,https://cengxi.anjuke.com/,-1,450,2980,1518.0,60,30.0,376.0,102.33333333333333,60,23.9,41.8,33.99499999999998,2650,5307,3909.25
慈利,https://cilixian.anjuke.com/,-1,300,6500,1145.0,28,20.0,150.0,84.36785714285715,60,37.8,58.0,49.165000000000006,3184,6816,4695.716666666666
长岭,https://changlingxian.anjuke.com/,-1,850,16000,9225.0,6,60.0,110.0,85.16666666666667,9,23.5,41.8,31.988888888888894,2991,4750,4072.777777777778
长兴,https://changxingxian.anjuke.com/,-1,1200,3800,2432.2950819672133,61,39.0,158.0,89.55737704918033,60,30.0,44.0,40.12833333333333,3449,5814,5098.583333333333
苍南县,https://cangnanxian.anjuke.com/,-1,500,35000,5972.44262295082,61,16.0,200.0,83.47049180327869,60,32.0,60.0,53.81800000000001,2844,8572,5129.116666666667
长垣县,https://changyuanxian.anjuke.com/,-1,450,18500,2444.108695652174,46,20.0,174.0,114.65217391304348,60,42.0,86.0,70.10333333333332,3717,9295,5761.8
昌乐,https://changle.anjuke.com/,-1,450,17000,1341.9354838709678,62,45.0,153.0,100.91774193548386,60,21.5,34.0,30.56333333333333,2688,4709,3685.5666666666666
沧县,https://cangxian.anjuke.com/,-1,200,2200,1189.3939393939395,33,25.0,200.0,107.85757575757575,60,31.0,50.8,43.324,3445,6774,5175.55
长宁,https://changning.anjuke.com/,-1,500,1600,1286.7857142857142,28,27.0,225.0,112.57142857142857,60,25.8,39.8,34.53099999999998,2344,4847,3360.8
磁县,https://cixian.anjuke.com/,-1,500,4500,1249.423076923077,26,30.0,204.0,108.57692307692308,60,28.0,65.0,53.63766666666667,2831,7663,5508.633333333333
茌平,https://chiping.anjuke.com/,-1,320,4000,1158.9473684210527,19,51.0,360.0,149.83157894736843,60,30.0,58.0,47.99000000000001,2791,7125,5197.816666666667
大连,https://dalian.anjuke.com/,14975,850,2000,1744.6666666666667,60,33.0,95.0,71.69833333333332,60,20.0,27.8,24.31833333333333,2555,3815,3223.766666666667
东莞,https://dg.anjuke.com/,-1,650,980,851.15,60,28.0,91.0,63.99,60,19.0,31.0,28.266666666666662,1740,4358,3474.8333333333335
德阳,https://deyang.anjuke.com/,5975,600,2000,1224.0555555555557,54,62.0,120.0,84.04814814814816,60,18.0,25.0,23.21633333333332,2128,3493,3043.9
大理,https://dali.anjuke.com/,12727,700,4500,2303.720930232558,43,44.5,128.0,80.5,60,23.0,56.0,49.61200000000001,3027,7560,5449.2
德州,https://dezhou.anjuke.com/,9003,500,900,771.6666666666666,60,56.0,103.0,78.83333333333333,60,19.0,30.0,26.05666666666667,2235,4072,3145.05
丹东,https://dandong.anjuke.com/,7036,700,4000,1607.2222222222222,54,46.0,120.0,76.12962962962963,60,14.8,23.5,21.456666666666667,2085,3358,2830.95
大同,https://datong.anjuke.com/,6347,500,15000,1658.2736842105264,95,50.0,360.0,86.26315789473684,60,7.0,16.0,14.056666666666665,1000,2226,1770.1
达州,https://dazhou.anjuke.com/,6852,300,22000,2148.602409638554,83,34.0,155.0,80.15903614457832,60,15.6,25.8,22.944999999999993,1334,3658,2877.95
德宏,https://dehong.anjuke.com/,-1,400,28000,2424.6617647058824,68,20.0,350.0,100.6029411764706,60,23.5,41.0,36.964999999999996,3119,5206,4338.933333333333
定州,https://dingzhou.anjuke.com/,-1,300,1500,1083.8709677419354,62,16.0,140.0,94.84354838709677,60,32.0,50.0,45.470833333333324,4500,7043,5363.65
迪庆,https://diqing.anjuke.com/,-1,300,8224,1855.3478260869565,23,30.0,750.0,183.20000000000002,23,39.9,450.0,170.5608695652174,4957,13000,6311.391304347826
大兴安岭,https://dxanling.anjuke.com/,-1,700,8200,2625.0,4,50.0,67.0,57.75,60,12.0,39.0,24.582666666666665,1685,3979,2698.2
东台,https://dongtai.anjuke.com/,-1,799,4500,2084.1311475409834,61,40.0,2000.0,134.13114754098362,60,36.0,73.8,61.770000000000046,3928,9972,6753.916666666667
邓州,https://dengzhou.anjuke.com/,-1,450,6000,1113.6166666666666,60,40.0,230.0,89.98499999999999,60,21.8,35.0,30.258499999999994,2035,4392,3239.766666666667
灯塔,https://dengta.anjuke.com/,-1,500,13000,6599.3,60,32.0,99.0,63.30166666666667,60,13.0,21.0,18.571666666666662,1634,3000,2419.4333333333334
敦煌,https://dunhuang.anjuke.com/,-1,1100,22000,3534.5454545454545,11,70.0,125.0,99.23636363636363,17,36.8,90.0,54.3235294117647,3125,7032,5186.823529411765
东阳,https://dongyang.anjuke.com/,-1,1500,4000,2921.6666666666665,60,55.0,120.0,85.98333333333333,60,55.0,75.0,69.36833333333334,5500,10000,8897.116666666667
东至,https://dongzhixian.anjuke.com/,-1,400,17000,2880.0,20,28.0,160.0,77.78,60,23.0,64.0,51.77833333333333,2004,9143,5414.716666666666
德清,https://deqingxian.anjuke.com/,-1,800,8000,2580.8333333333335,60,25.0,180.0,105.20666666666666,60,26.0,60.0,55.30666666666666,3715,8286,6625.4
单县,https://danxian.anjuke.com/,-1,400,18000,2605.6,60,15.0,300.0,102.26666666666667,60,16.0,40.0,32.843333333333334,2128,4591,3551.75
抚顺,https://fushun.anjuke.com/,5002,700,1500,1246.6666666666667,60,45.0,110.0,79.41166666666666,60,6.5,15.0,12.746666666666666,874,2143,1614.8333333333333
抚州,https://fuzhoushi.anjuke.com/,8068,420,3000,1323.0625,64,32.0,150.0,91.875,60,29.8,43.0,39.70166666666666,3000,6143,5009.0
防城港,https://fangchenggang.anjuke.com/,-1,500,3000,1046.578947368421,76,25.0,315.0,88.15921052631579,60,17.0,27.0,24.15933333333333,2097,3662,2872.733333333333
肥城市,https://feichengshi.anjuke.com/,-1,600,1700,1087.6923076923076,65,45.0,150.0,90.27230769230769,60,19.8,32.0,26.99816666666666,2106,4572,3183.8333333333335
福安,https://fuan.anjuke.com/,-1,500,4200,1944.8333333333333,60,32.0,270.0,96.71666666666667,60,30.0,37.0,34.405,3897,5000,4593.9
赣州,https://ganzhou.anjuke.com/,8488,800,2200,1674.9833333333333,60,50.0,105.0,76.5,60,21.8,39.8,35.806666666666665,1986,5686,4155.466666666666
广安,https://guangan.anjuke.com/,5907,800,20000,1469.7592592592594,54,35.0,90.0,73.84814814814816,60,16.0,24.0,21.336666666666662,1487,3429,2751.616666666667
馆陶,https://guantao.anjuke.com/,-1,400,400,400.0,1,40.0,40.0,40.0,4,73.0,88.0,78.75,4741,6719,5830.5
高安,https://gaoanshi.anjuke.com/,-1,350,16000,1275.7166666666667,60,25.0,400.0,95.93166666666667,60,35.0,60.0,50.226666666666674,3325,7565,5757.15
鸡西,https://jixi.anjuke.com/,3849,500,15000,2825.157142857143,70,25.0,133.0,69.53,60,9.8,15.6,13.531833333333331,1162,2229,1786.6833333333334
靖江,https://jingjiang.anjuke.com/,-1,450,4200,2003.7714285714285,70,20.0,166.4,91.33142857142857,60,39.8,49.8,46.23500000000001,3184,6972,5591.5
晋江,https://jinjiangshi.anjuke.com/,-1,1200,1800,1525.3,60,50.0,110.0,73.8,60,33.0,57.0,52.06499999999999,4348,6566,5906.6
建湖,https://jianhuxian.anjuke.com/,-1,200,13000,1684.7166666666667,60,22.0,194.7,91.47,60,23.2,35.0,30.254999999999995,2204,4173,3246.4666666666667
昌邑,https://jlchangyi.anjuke.com/,-1,500,4500,1147.03125,64,45.0,1130.0,121.4703125,60,26.0,40.0,36.63499999999999,2678,5715,4379.583333333333
桦甸,https://jlhuadian.anjuke.com/,-1,550,1000,650.0,5,37.0,98.0,62.0,50,13.0,76.0,30.61,1650,5216,3317.68
进贤,https://jinxian.anjuke.com/,-1,1000,3288,1879.8032786885246,61,40.0,150.0,104.70327868852459,60,30.0,49.8,44.10816666666667,3363,6076,4788.516666666666
金湖,https://jinhu.anjuke.com/,-1,740,13000,3415.5,14,50.1,105.0,85.79285714285713,60,35.0,63.0,52.702500000000015,3591,8631,5667.916666666667
钟祥,https://jmzhongxiang.anjuke.com/,-1,260,2200,900.3181818181819,22,20.0,133.0,73.4090909090909,60,15.8,36.8,30.54333333333332,2072,4534,3421.766666666667
孟州,https://jzmengzhou.anjuke.com/,-1,260,3000,1063.5384615384614,13,15.0,150.0,93.4076923076923,60,22.0,120.0,57.43,2084,7955,4805.283333333334
靖边,https://jingbianxian.anjuke.com/,-1,400,2000,1391.6666666666667,6,28.0,154.0,100.0,22,43.0,130.0,74.68636363636364,3593,7077,5390.090909090909
巨野,https://juyexian.anjuke.com/,-1,400,15000,1524.4166666666667,60,38.0,168.0,107.15333333333334,60,26.0,45.0,39.38,2616,6136,4513.783333333334
鄄城,https://juanchengxian.anjuke.com/,-1,360,15000,1585.4893617021276,47,40.0,666.0,129.88297872340425,60,28.0,53.0,43.25333333333333,2756,5328,3869.266666666667
姜堰,https://jiangyan.anjuke.com/,-1,350,17000,1777.5416666666667,96,21.0,137.8,81.49583333333334,60,30.0,78.0,59.44833333333333,3306,11143,6101.233333333334
垦利,https://kenli.anjuke.com/,-1,520,16000,2463.05,60,60.0,300.0,115.51166666666667,60,14.0,29.0,24.12666666666667,1750,3786,2870.733333333333
开平,https://kaiping.anjuke.com/,-1,380,32000,2318.4615384615386,65,25.0,2400.0,119.96615384615384,60,14.5,28.0,25.099999999999987,2072,4000,3206.1666666666665
兰考,https://kflankao.anjuke.com/,-1,400,20000,2614.366666666667,60,20.0,249.0,118.42499999999998,60,32.0,74.0,57.01833333333333,3019,6592,4786.666666666667
兰州,https://lanzhou.anjuke.com/,12918,1200,2400,1912.8,60,40.0,114.0,82.66500000000003,60,2.0,38.0,29.588333333333328,150,5429,3694.2833333333333
廊坊,https://langfang.anjuke.com/,13681,800,1300,1170.9166666666667,60,60.0,103.0,82.96166666666667,60,18.0,23.0,21.6625,2499,3215,2764.35
柳州,https://liuzhou.anjuke.com/,-1,600,3000,1663.8297872340424,47,55.0,94.0,80.95106382978723,60,24.0,42.0,36.36933333333334,2435,5775,4114.8
莱芜,https://laiwu.anjuke.com/,8209,260,2000,1156.4473684210527,76,15.0,178.0,93.30263157894737,60,13.0,47.0,35.93333333333333,1858,6429,4239.616666666667
丽江,https://lijiang.anjuke.com/,7989,550,30000,2649.3670886075947,79,30.0,700.0,112.2873417721519,60,28.0,43.0,38.18299999999999,3479,5973,4594.7
辽阳,https://liaoyang.anjuke.com/,4780,400,28000,2480.2272727272725,66,20.0,320.0,68.98333333333333,60,9.5,16.0,14.537999999999998,1358,2258,1956.25
拉萨,https://lasa.anjuke.com/,12485,1400,28600,2739.285714285714,56,58.0,260.0,88.66428571428571,60,38.0,48.0,44.68333333333333,4000,6487,5194.983333333334
凉山,https://liangshan.anjuke.com/,9374,800,18000,2129.7979797979797,99,27.0,200.0,86.6959595959596,60,45.0,56.8,53.42000000000002,4545,7888,6514.0
来宾,https://laibin.anjuke.com/,-1,250,2500,1384.6666666666667,60,20.0,210.0,103.475,60,19.0,36.5,31.375,2250,4737,3628.6
临沧,https://lingcang.anjuke.com/,-1,600,4000,1756.3541666666667,96,38.0,350.0,96.16979166666665,60,22.0,45.0,42.07333333333333,3024,6165,4956.333333333333
临夏,https://linxia.anjuke.com/,-1,900,1600,1333.3333333333333,60,50.0,125.0,81.10833333333333,60,26.5,43.0,39.51833333333333,3398,5891,4927.833333333333
临猗,https://linyishi.anjuke.com/,-1,300,900,595.9,10,28.0,120.0,54.7,60,19.0,63.0,48.37000000000001,2500,5979,4332.833333333333
林芝,https://linzhi.anjuke.com/,-1,900,7500,2081.6666666666665,60,28.0,298.0,108.20166666666665,60,37.0,53.0,49.615,4773,7223,6006.35
陇南,https://longnan.anjuke.com/,-1,176,50003,2922.808510638298,47,18.0,350.0,109.03191489361703,60,49.0,75.0,67.36666666666666,5000,8222,6698.316666666667
龙口,https://longkou.anjuke.com/,-1,330,7000,1211.6176470588234,68,40.0,140.0,81.44558823529412,60,16.0,22.0,20.921666666666663,1979,3143,2759.383333333333
莱阳,https://laiyang.anjuke.com/,-1,600,2200,1351.4603174603174,63,20.0,125.0,79.63650793650794,60,16.6,37.5,32.87166666666666,1883,5272,4196.966666666666
溧阳,https://liyang.anjuke.com/,-1,780,4200,2052.5757575757575,66,28.0,160.0,86.67727272727272,60,48.0,61.8,57.6166666666667,3750,8829,7260.933333333333
灵宝市,https://lingbaoshi.anjuke.com/,-1,400,27000,2321.909090909091,22,22.0,140.0,72.77272727272727,32,35.0,160.0,61.278124999999996,2587,6275,4315.71875
冷水江,https://lengshuijiang.anjuke.com/,-1,450,3000,1311.3333333333333,60,50.0,180.0,100.65,60,23.8,35.8,30.219999999999974,1904,4695,3384.5833333333335
乐平市,https://lepingshi.anjuke.com/,-1,350,3200,1383.3333333333333,60,20.0,227.0,92.62833333333333,60,26.5,62.0,50.955000000000005,3272,7745,5338.1
梨树,https://lishuxian.anjuke.com/,-1,600,12000,4194.444444444444,9,39.0,230.0,81.88888888888889,60,15.0,24.8,22.11833333333333,2058,3398,2852.633333333333
利津,https://lijingxian.anjuke.com/,-1,550,15000,1714.1666666666667,30,60.0,137.0,105.9,60,25.0,57.0,43.279999999999994,2516,6223,4653.133333333333
柳林,https://liulinxian.anjuke.com/,-1,300,15000,1909.9333333333334,60,23.0,180.0,91.26833333333333,1,68.0,68.0,68.0,6416,6416,6416.0
滦南,https://luannan.anjuke.com/,-1,500,18000,2630.3,50,28.0,130.0,84.50200000000001,60,34.0,57.0,48.00666666666667,3846,7459,5399.883333333333
临朐,https://linju.anjuke.com/,-1,700,13003,1667.5666666666666,60,50.0,145.0,106.21666666666667,60,27.0,45.0,37.66466666666667,2784,6057,4560.9
乐陵,https://leling.anjuke.com/,-1,500,12500,2203.8253968253966,63,36.0,140.0,96.31746031746032,60,25.0,50.0,44.5665,3316,6402,5209.816666666667
澧县,https://lixian.anjuke.com/,-1,420,5500,1307.7377049180327,61,45.0,154.0,104.10655737704919,60,23.8,38.0,33.503333333333316,2645,4808,3584.15
梁山,https://liangshanxian.anjuke.com/,-1,750,21000,5246.180327868852,61,30.0,200.0,111.50819672131148,60,32.0,57.0,49.45,3771,6625,5293.916666666667
绵阳,https://mianyang.anjuke.com/,7708,500,1200,919.4666666666667,60,55.0,120.0,81.94333333333334,60,18.0,27.0,24.43133333333333,2153,3723,3175.9
茂名,https://maoming.anjuke.com/,7387,500,7300,1939.1666666666667,96,25.0,210.0,84.91458333333334,60,18.0,32.0,27.533333333333335,2400,4508,3355.266666666667
眉山,https://meishan.anjuke.com/,6053,460,12800,1469.5212765957447,94,29.0,157.0,83.61808510638298,60,18.8,28.0,25.003333333333316,2000,3829,3056.4166666666665
梅州,https://meizhou.anjuke.com/,5810,350,3400,1520.6382978723404,94,20.0,179.0,79.93510638297872,60,19.5,31.8,28.034999999999982,2280,4258,3162.75
梅河口,https://meihekou.anjuke.com/,-1,625,28000,3196.030303030303,66,27.0,127.0,79.25151515151515,60,17.0,25.8,23.764999999999986,2412,3686,3273.95
弥勒,https://mileshi.anjuke.com/,-1,800,2700,1512.7826086956522,69,39.0,162.0,89.62318840579711,60,31.0,46.8,43.08999999999999,3645,6429,5258.95
渑池,https://mianchixian.anjuke.com/,-1,600,2200,1091.6666666666667,6,51.0,300.0,134.83333333333334,23,40.0,76.0,56.65217391304347,3125,6123,4746.347826086957
孟津,https://mengjin.anjuke.com/,-1,200,5000,1065.7142857142858,35,19.0,1100.0,120.45714285714286,60,23.0,62.5,50.17166666666667,2182,6596,4641.316666666667
宁波,https://nb.anjuke.com/,24289,1300,1700,1527.9666666666667,60,40.0,108.0,85.40500000000002,60,34.7,55.0,50.76,4584,7858,6562.166666666667
南昌,https://nc.anjuke.com/,-1,850,1300,1160.2666666666667,60,43.0,90.0,71.78333333333333,60,15.0,38.0,32.02799999999999,2143,4974,4000.383333333333
南宁,https://nanning.anjuke.com/,11024,900,1100,1005.9666666666667,60,5.0,80.0,61.803333333333335,60,3.0,25.0,22.908333333333335,213,3572,3088.05
南通,https://nantong.anjuke.com/,14946,650,3200,1268.3333333333333,60,52.0,900.0,97.19166666666666,60,21.6,30.8,27.134666666666664,3043,4226,3517.5833333333335
南安,https://nananshi.anjuke.com/,-1,390,3000,1664.8428571428572,70,25.0,152.0,84.03571428571429,60,37.0,56.0,50.83833333333334,3378,7145,5636.333333333333
宁国,https://ningguo.anjuke.com/,-1,580,2500,1299.8181818181818,22,47.0,130.0,91.04545454545455,60,39.2,65.8,57.87500000000003,4588,8858,6650.283333333334
南城,https://nanchengxian.anjuke.com/,-1,700,1500,1042.857142857143,7,80.0,500.0,170.42857142857142,9,53.0,93.0,80.94444444444444,5932,8578,7210.444444444444
南县,https://nanxian.anjuke.com/,-1,500,1800,932.1428571428571,14,64.0,150.0,112.17857142857143,60,16.5,88.8,49.03333333333334,1019,6677,3795.883333333333
宁津,https://ningjinxian.anjuke.com/,-1,420,3000,1438.8166666666666,60,28.0,182.0,110.16666666666667,60,28.0,57.0,50.18333333333333,3637,7000,5629.666666666667
宁阳,https://ningyangxian.anjuke.com/,-1,180,1600,937.5,60,18.0,145.0,99.38833333333334,60,32.0,54.0,46.02200000000001,2998,6601,4932.416666666667
盘锦,https://panjin.anjuke.com/,4337,360,12000,1329.9247311827958,93,30.0,152.0,79.69999999999999,60,1.0,14.8,12.261666666666665,38,2110,1597.35
普洱,https://puer.anjuke.com/,8093,500,5840,1549.55223880597,67,30.0,220.0,82.74626865671642,60,27.4,46.0,38.775,3092,6572,4755.766666666666
邳州,https://pizhou.anjuke.com/,-1,380,15000,1614.4430379746836,79,23.0,500.0,112.52405063291138,60,31.0,52.0,42.385,2936,6724,4652.25
蓬莱市,https://penglaishi.anjuke.com/,-1,417,5000,1449.4761904761904,63,10.0,270.0,89.13492063492063,60,16.0,38.8,33.26166666666666,1928,5542,4042.35
平湖,https://pinghu.anjuke.com/,-1,800,3900,1779.0,100,13.0,125.0,78.946,60,25.0,49.0,42.22983333333333,3572,6985,5491.733333333334
平阳,https://pingyang.anjuke.com/,-1,400,26200,2644.9375,64,20.0,164.0,88.109375,60,35.0,57.0,52.36833333333334,3254,7574,6226.616666666667
栖霞,https://qixia.anjuke.com/,-1,260,1500,822.1739130434783,23,50.0,160.0,84.47826086956522,60,16.8,31.0,25.838166666666666,2095,4055,3147.9666666666667
江山,https://qzjiangshan.anjuke.com/,-1,360,10000,1708.1666666666667,60,20.0,300.0,90.47166666666666,60,100.0,160.0,145.51333333333332,10910,21667,17138.233333333334
齐河,https://qihexian.anjuke.com/,-1,200,5000,1354.3166666666666,60,10.0,300.0,107.71000000000001,60,35.0,54.0,47.52666666666667,3680,7043,5565.883333333333
祁东,https://qidongxian.anjuke.com/,-1,350,5500,1161.64,25,40.0,170.0,109.344,60,31.8,52.8,44.696000000000005,2515,4975,3694.3333333333335
日喀则,https://rikeze.anjuke.com/,-1,300,15000,4366.666666666667,60,20.0,804.8,186.215,60,68.0,158.0,110.26666666666667,3005,12339,8422.966666666667
瑞安,https://ruian.anjuke.com/,-1,500,30000,2464.859375,64,15.0,180.0,71.66875,60,56.6,115.0,87.41483333333333,3538,15572,8551.45
汝州市,https://ruzhoushi.anjuke.com/,-1,450,2500,1225.0892857142858,56,8.0,200.0,100.71785714285714,60,27.0,78.0,63.55500000000003,2579,7778,4906.966666666666
任丘市,https://renqiushi.anjuke.com/,-1,550,20000,2245.0,60,22.0,230.0,93.24000000000001,60,35.0,79.0,63.745000000000005,4701,9460,7975.25
乳山市,https://rushanshi.anjuke.com/,-1,400,40000,1790.9859154929577,71,35.0,240.0,84.04929577464789,60,9.0,15.5,14.113333333333335,1268,2143,1853.85
仁怀,https://renhuai.anjuke.com/,-1,700,30000,5404.347826086957,23,20.0,670.0,198.49565217391302,60,44.8,117.8,92.98200000000001,5600,11530,7788.4
如皋,https://rugao.anjuke.com/,-1,600,4500,1687.027027027027,74,24.0,162.0,96.82432432432432,60,21.6,31.8,27.321666666666665,3043,4226,3492.983333333333
荣成市,https://rongchengshi.anjuke.com/,-1,600,4500,1415.7777777777778,81,42.0,153.0,86.70246913580247,60,12.0,28.0,25.243,1548,4000,3176.7
如东,https://rudongxian.anjuke.com/,-1,900,3500,2147.652777777778,72,40.0,260.0,94.41666666666667,60,37.0,65.0,55.563,4353,8451,6020.2
仁寿,https://renshouxian.anjuke.com/,-1,350,2860,1485.725806451613,62,36.0,188.0,91.48870967741935,60,24.0,41.0,37.34166666666666,2827,5747,4240.233333333334
上海,https://shanghai.anjuke.com/,-1,900,1900,1562.1666666666667,60,50.0,102.8,78.21166666666664,60,19.5,25.0,22.406166666666664,2480,3572,3002.4666666666667
深圳,https://shenzhen.anjuke.com/,-1,1500,1800,1694.8,60,27.8,75.0,53.663333333333334,60,20.0,23.0,21.590833333333332,1653,3263,2620.3166666666666
苏州,https://suzhou.anjuke.com/,20870,1500,2200,1949.7,60,55.0,108.0,72.58166666666666,60,23.8,29.3,26.96983333333333,2960,4028,3304.9
石家庄,https://sjz.anjuke.com/,15374,750,1350,1176.65,60,50.0,125.0,79.55,60,17.8,25.0,22.18,2288,3206,2686.25
沈阳,https://sy.anjuke.com/,-1,680,1000,932.15,60,35.0,94.0,66.52833333333334,60,10.0,19.0,16.536666666666665,994,2715,2179.6833333333334
三亚,https://sanya.anjuke.com/,27590,2000,2500,2354.9166666666665,60,42.0,88.0,66.9,60,30.0,70.0,64.735,750,9723,8319.133333333333
绍兴,https://shaoxing.anjuke.com/,16369,1000,2900,1865.6333333333334,60,45.0,106.0,77.95833333333333,60,26.5,36.0,32.80499999999999,3361,5000,3999.3166666666666
汕头,https://shantou.anjuke.com/,9551,750,2300,1643.1333333333334,60,48.0,110.0,71.79333333333334,60,18.2,25.0,22.896666666666658,2191,3493,2991.4
十堰,https://shiyan.anjuke.com/,6365,450,3200,1422.5,64,20.0,132.0,79.22343749999999,60,10.98,22.0,18.712999999999997,1090,3143,2484.6666666666665
三门峡,https://sanmenxia.anjuke.com/,5011,390,2500,1229.6825396825398,63,26.0,143.0,83.52857142857142,60,11.0,29.0,23.892666666666667,1487,4143,2870.733333333333
三明,https://sanming.anjuke.com/,10024,500,3600,1966.4512195121952,82,7.0,183.0,73.36707317073171,60,20.0,46.0,37.96999999999999,2207,6435,4621.766666666666
韶关,https://shaoguan.anjuke.com/,5933,400,1499,1193.8666666666666,60,43.0,92.0,79.28333333333333,60,12.8,21.8,19.286666666666658,1781,3115,2367.8333333333335
商丘,https://shangqiu.anjuke.com/,5868,620,1200,1034.3166666666666,60,60.0,110.0,90.61833333333334,60,14.0,25.0,21.469666666666672,1324,3290,2330.516666666667
宿迁,https://suqian.anjuke.com/,9523,800,2300,1340.4166666666667,60,47.0,110.0,86.29166666666667,60,16.0,30.0,25.521666666666672,1748,4215,2624.3166666666666
绥化,https://suihua.anjuke.com/,4698,500,18500,5193.090909090909,77,27.0,110.6,67.77142857142857,60,8.5,13.0,11.833333333333334,1014,1858,1548.5
邵阳,https://shaoyang.anjuke.com/,5559,300,3000,1380.763888888889,72,15.0,180.0,97.18472222222222,60,16.8,24.6,21.772999999999982,1753,3515,2711.15
遂宁,https://suining.anjuke.com/,6420,550,1450,1073.3166666666666,60,49.0,94.0,76.87833333333333,60,13.5,26.0,22.319999999999986,1250,3634,2610.45
上饶,https://shangrao.anjuke.com/,7947,700,1900,1519.1666666666667,60,50.0,120.0,80.375,60,32.0,46.0,41.78833333333333,2600,6429,4988.983333333334
四平,https://siping.anjuke.com/,5540,480,12000,1127.910447761194,67,32.0,120.0,62.19104477611939,60,11.5,22.0,19.291666666666668,1618,3143,2538.5833333333335
石河子,https://shihezi.anjuke.com/,5877,850,2400,1409.984126984127,63,26.8,132.0,83.8857142857143,60,18.6,25.0,21.874999999999993,2537,3572,2982.9
顺德,https://shunde.anjuke.com/,11075,800,1300,1161.6,60,23.0,80.0,53.145,60,29.0,38.0,35.138333333333335,3556,5415,4495.55
宿州,https://suzhoushi.anjuke.com/,6594,800,1200,1088.3333333333333,60,50.0,111.0,86.06333333333333,60,25.0,34.0,31.07833333333333,2703,4723,3766.233333333333
松原,https://songyuan.anjuke.com/,4596,400,50000,4258.380281690141,71,23.0,121.8,65.29295774647886,60,10.5,22.0,19.16833333333333,1480,3143,2579.3333333333335
沭阳,https://shuyang.anjuke.com/,8299,500,25000,2559.515625,64,30.0,140.0,82.93124999999999,60,45.0,86.8,73.41800000000003,4149,11806,8908.183333333332
石嘴山,https://shizuishan.anjuke.com/,2935,400,2800,734.0,63,48.0,270.0,84.74285714285715,60,4.5,9.8,8.188333333333336,570,1339,1037.9
随州,https://suizhou.anjuke.com/,5265,360,2800,1227.4302325581396,86,20.0,150.0,86.64186046511628,60,15.0,27.0,23.935,1285,3467,2309.8333333333335
朔州,https://shuozhou.anjuke.com/,3743,350,16000,1481.4098360655737,61,20.0,290.0,90.06393442622951,60,13.8,26.5,23.326666666666664,1394,3572,2751.3333333333335
汕尾,https://shanwei.anjuke.com/,7048,600,19000,2313.060606060606,66,20.0,265.0,111.62272727272727,60,14.5,26.0,22.31166666666666,1577,3715,2504.6666666666665
商洛,https://shangluo.anjuke.com/,-1,300,2500,1318.032786885246,61,40.0,400.0,102.09344262295082,60,22.0,53.0,44.39666666666667,1719,6534,4644.833333333333
山南,https://shannan.anjuke.com/,-1,500,7000,3067.740740740741,54,18.0,800.0,159.5648148148148,40,49.0,265.0,111.35,5400,14706,7908.425
神农架,https://shennongjia.anjuke.com/,-1,2200,2600,2400.0,2,120.0,170.0,145.0,8,65.6,360.0,108.775,5497,10466,6987.375
双鸭山,https://shuangyashan.anjuke.com/,-1,110,30000,2601.2833333333333,60,9.0,400.0,94.85666666666665,60,7.8,15.98,12.50133333333333,1066,2226,1632.6166666666666
石狮,https://shishi.anjuke.com/,-1,700,6000,2432.9841269841268,63,35.0,400.0,109.84126984126983,60,33.0,45.0,38.0,3585,4839,4075.5666666666666
三河市,https://sanheshi.anjuke.com/,-1,1000,1500,1365.45,60,48.7,95.0,74.18833333333332,60,43.0,52.0,49.10133333333333,5444,7143,6566.766666666666
寿光,https://shouguang.anjuke.com/,-1,310,15000,1477.945945945946,74,34.0,260.0,102.4945945945946,60,18.0,35.0,29.698333333333327,2572,4667,3581.55
嵊州,https://shengzhou.anjuke.com/,-1,600,9998,1856.8,60,20.0,237.0,92.22333333333333,60,26.5,40.0,35.09333333333334,3361,5264,4154.133333333333
松滋,https://songzi.anjuke.com/,-1,280,14680,1324.121212121212,33,25.0,260.0,98.24242424242425,60,15.8,39.8,31.197999999999983,1725,5115,3130.85
上杭,https://shagnhangxian.anjuke.com/,-1,300,1500,900.0,6,20.0,150.0,90.83333333333333,6,68.0,518.0,164.06666666666666,5188,10688,8059.5
睢县,https://suixian.anjuke.com/,-1,400,175000,4178.283333333334,60,20.0,300.0,100.33,60,26.0,58.0,46.519999999999996,2575,6057,4604.416666666667
沙洋,https://shayangxian.anjuke.com/,-1,500,1600,966.3636363636364,11,20.0,179.0,100.80909090909091,60,16.0,29.0,24.868333333333325,1464,3310,2464.766666666667
邵东,https://shaodongxian.anjuke.com/,-1,200,2500,980.3333333333334,60,30.0,1500.0,112.15,60,22.0,35.8,31.085166666666648,2088,4118,3212.133333333333
射洪,https://shehongxian.anjuke.com/,-1,350,130000,3205.633333333333,60,20.0,300.0,104.57,60,18.8,33.6,29.78999999999998,2686,4667,3723.383333333333
双峰,https://shuangfengxian.anjuke.com/,-1,500,2000,1044.375,48,30.0,260.0,106.14166666666667,60,19.8,32.8,27.103333333333314,1893,4686,2785.883333333333
随县,https://suixia.anjuke.com/,-1,566,1200,904.0,4,56.9,95.0,76.725,60,15.8,33.0,27.398333333333323,1285,3369,2451.25
邵阳县,https://shaoyangxian.anjuke.com/,-1,200,1660,720.6190476190476,21,20.0,157.0,100.24761904761904,60,16.8,29.8,25.917999999999974,1753,3393,2363.5333333333333
泗阳县,https://siyangxian.anjuke.com/,-1,500,2000,1318.4666666666667,60,25.0,150.0,93.91666666666667,60,22.0,45.5,41.605,2428,6429,4833.233333333334
泗洪县,https://sihongxian.anjuke.com/,-1,625,19000,2411.098360655738,61,42.0,200.0,86.54098360655738,60,22.0,47.0,40.95,2201,6479,4748.183333333333
安达,https://shanda.anjuke.com/,-1,450,13800,5453.0,60,35.4,125.0,76.04333333333334,60,8.5,18.9,14.702499999999995,1014,2600,1834.8333333333333
肇东,https://shzhaodong.anjuke.com/,-1,625,12000,1450.0,62,30.0,130.0,72.01935483870967,60,9.5,16.3,13.774999999999999,1358,2190,1775.4833333333333
广水,https://szguangshui.anjuke.com/,-1,375,20000,2731.1428571428573,28,41.0,151.0,103.55714285714285,60,15.0,36.5,30.771666666666665,1539,4201,2731.1666666666665
孝义,https://sxxiaoyi.anjuke.com/,-1,300,15000,2447.9,60,34.0,180.0,94.45333333333333,60,23.4,36.0,32.05166666666666,1946,4800,3338.483333333333
商水,https://shangshui.anjuke.com/,-1,300,12000,1729.0,60,25.0,300.0,123.33999999999999,60,27.0,51.0,43.54666666666667,2250,6025,4671.55
射阳,https://sheyangxian.anjuke.com/,-1,350,12000,1519.3166666666666,60,10.0,168.0,84.47166666666666,60,28.0,39.6,35.00833333333332,2388,5280,4256.8
涉县,https://shexian.anjuke.com/,-1,500,100000,11588.8,10,90.0,870.0,185.4,22,55.0,130.0,78.19090909090909,4860,7917,6689.272727272727
沈丘,https://shenqiuxian.anjuke.com/,-1,360,1750,942.6081081081081,74,26.0,150.0,88.54054054054055,60,29.0,36.0,31.16166666666667,2273,4000,3333.5333333333333
神木,https://shenmuxian.anjuke.com/,-1,441,33000,11909.5,6,20.0,185.0,120.16666666666667,21,47.0,166.0,90.42857142857143,3682,9887,6637.190476190476
天津,https://tianjin.anjuke.com/,20147,750,1300,1122.1666666666667,60,34.0,102.0,66.64666666666668,60,0.02,17.0,14.685,2,2286,1851.65
泰州,https://taizhou.anjuke.com/,11355,650,1500,1317.3333333333333,60,45.0,140.0,75.82333333333332,60,30.0,45.0,40.20333333333333,3184,6250,5029.066666666667
唐山,https://tangshan.anjuke.com/,10589,700,1666,1070.1666666666667,60,50.0,99.0,74.295,60,16.0,25.8,22.5875,2249,3572,3003.1833333333334
泰安,https://taian.anjuke.com/,11358,800,2000,1346.7,60,50.0,106.0,80.53,60,14.0,26.5,23.245,1800,3786,2811.05
台州,https://taiz.anjuke.com/,15524,1000,3000,1837.0333333333333,60,35.0,142.1,74.60166666666667,60,37.8,58.0,53.271333333333324,3462,8067,5904.466666666666
铁岭,https://tieling.anjuke.com/,4044,300,50000,2904.96875,96,25.0,128.0,66.66979166666667,60,7.5,13.0,11.888333333333328,821,1829,1547.2
通辽,https://tongliao.anjuke.com/,6427,400,20000,1739.7605633802816,71,25.0,150.0,82.62535211267607,60,17.6,30.8,28.27,2228,4286,3369.05
铜陵,https://tongling.anjuke.com/,8005,500,4500,1449.1530612244899,98,30.0,200.0,80.33979591836734,60,13.6,25.5,22.248999999999988,1509,3473,2605.5333333333333
通化,https://tonghua.anjuke.com/,5127,600,20000,1813.0294117647059,68,37.0,152.4,78.40441176470587,60,12.0,22.5,19.408333333333335,1504,3215,2588.0666666666666
台山,https://taishan.anjuke.com/,-1,300,2900,1623.6065573770493,61,15.0,180.0,87.35081967213114,60,19.8,30.0,27.098333333333315,2601,4258,3294.45
铜川,https://tongchuan.anjuke.com/,-1,300,12000,1305.3,60,50.0,144.6,91.10833333333333,60,3.0,16.3,13.96,345,2286,1813.8833333333334
吐鲁番,https://tulufan.anjuke.com/,-1,600,30000,2016.1166666666666,60,25.0,330.0,93.165,60,8.0,24.0,20.794999999999998,942,2954,2368.15
天门,https://tianmen.anjuke.com/,-1,300,6000,1300.5633802816901,71,25.0,140.0,74.0774647887324,60,13.0,35.0,29.860000000000003,887,4730,3282.5333333333333
图木舒克,https://tumushuke.anjuke.com/,-1,1250,1250,1250.0,1,70.9,70.9,70.9,3,43.0,48.0,44.666666666666664,3783,4255,4057.6666666666665
桐城,https://tongcheng.anjuke.com/,-1,300,6500,1176.7971014492753,69,35.0,200.0,94.38840579710146,60,15.0,29.8,25.73666666666666,1403,4143,3095.55
铜仁,https://tongren.anjuke.com/,-1,568,10000,1689.8,65,30.0,136.0,87.86153846153846,60,20.0,29.0,27.013333333333314,2206,4000,3151.233333333333
泰兴,https://taixing.anjuke.com/,-1,500,2600,1476.0597014925372,67,20.0,168.0,88.71492537313432,60,38.0,55.0,48.84333333333335,4348,7370,5668.35
滕州市,https://tengzhoushi.anjuke.com/,-1,380,2600,1512.2916666666667,72,30.0,150.0,91.62083333333334,60,22.0,61.8,54.072999999999986,2316,8673,6688.95
桐乡,https://tongxiang.anjuke.com/,-1,600,15000,2432.3939393939395,66,20.0,330.0,74.36666666666666,60,23.0,30.0,27.934833333333334,2744,4286,3271.1
天长,https://tianchang.anjuke.com/,-1,200,25000,1936.025,40,20.0,180.0,91.0675,60,20.0,50.0,37.144999999999996,2191,5414,3663.866666666667
通许,https://tongxuxian.anjuke.com/,-1,400,1700,764.7058823529412,17,36.0,150.0,99.0,50,29.9,140.0,57.27,2795,9930,4526.46
开原,https://tlkaiyuan.anjuke.com/,-1,545,14000,3300.764705882353,68,28.0,106.0,64.49705882352941,60,11.0,19.8,17.011666666666663,821,2786,2210.85
太康,https://taikangxian.anjuke.com/,-1,251,1500,1013.6785714285714,28,50.0,181.0,102.07142857142857,60,30.0,56.0,47.480000000000004,3334,6137,4537.95
郯城,https://tanchengxian.anjuke.com/,-1,300,20000,3912.3333333333335,60,15.0,145.0,111.41333333333334,60,26.0,65.0,53.37166666666667,3250,7498,5224.383333333333
塔城,https://tuscaloosa.anjuke.com/,-1,400,12000,1674.5,20,66.0,1181.0,155.755,22,22.0,68.0,39.60454545454545,2619,5784,3948.6363636363635
武汉,https://wuhan.anjuke.com/,16756,900,1400,1303.3333333333333,60,30.0,100.0,75.94166666666665,41,9.0,35.0,28.86585365853658,518,4886,3472.390243902439
无锡,https://wuxi.anjuke.com/,13698,1000,1500,1351.6666666666667,60,40.0,103.0,67.86333333333332,60,17.0,38.0,32.779999999999994,1735,5429,3620.3
威海,https://weihai.anjuke.com/,9943,500,1600,1063.0,60,47.0,108.0,73.31833333333334,60,8.5,15.4,13.800000000000002,1179,2143,1816.7666666666667
潍坊,https://weifang.anjuke.com/,6914,600,2500,1320.0666666666666,60,49.0,108.0,82.20666666666666,60,16.2,18.5,17.486666666666665,2013,2572,2150.9666666666667
乌鲁木齐,https://wulumuqi.anjuke.com/,8398,800,1300,1146.6666666666667,60,50.0,110.0,73.31666666666666,60,15.6,30.0,27.819833333333335,2167,4286,3725.15
温州,https://wenzhou.anjuke.com/,21527,1400,5000,2148.5,60,38.0,169.0,74.34333333333333,60,32.0,55.0,48.19233333333334,3167,7334,5236.95
芜湖,https://wuhu.anjuke.com/,9918,170,1500,1161.9666666666667,60,50.0,104.0,82.25833333333334,60,20.0,28.0,26.36166666666666,2094,4000,3100.483333333333
梧州,https://wuzhou.anjuke.com/,5260,600,3500,1558.5588235294117,68,25.0,200.0,84.63235294117646,60,16.0,25.0,22.591666666666658,2110,3572,3023.05
渭南,https://weinan.anjuke.com/,5103,600,2300,1484.7368421052631,57,54.0,118.0,90.13859649122809,60,18.0,27.8,24.34,2000,3858,3080.9333333333334
乌海,https://wuhai.anjuke.com/,4995,541,23000,3418.5873015873017,63,33.0,741.7,87.66190476190478,60,11.0,17.5,15.288333333333332,1389,2365,1923.4833333333333
武威,https://wuwei.anjuke.com/,6715,500,1850,1294.8,70,15.0,150.0,80.89571428571429,60,7.0,41.0,36.76,1000,5858,4889.633333333333
乌兰察布,https://wulanchabu.anjuke.com/,5028,350,18000,1970.765625,64,23.0,139.0,84.79999999999998,60,10.0,20.9,17.983333333333334,1142,2912,2210.4333333333334
瓦房店,https://wafangdian.anjuke.com/,-1,550,30000,1884.4426229508197,61,26.0,108.0,66.15409836065574,60,23.0,41.8,35.10333333333333,2706,5858,4496.283333333334
五家渠,https://wujiaqu.anjuke.com/,-1,500,1600,904.4262295081967,61,23.0,160.0,85.43770491803278,60,12.0,23.0,20.428,1337,3143,2539.9166666666665
武夷山,https://wuyishan.anjuke.com/,-1,500,18000,1691.081081081081,74,18.0,500.0,89.41621621621621,60,36.0,61.0,49.34816666666668,4080,8400,6202.566666666667
吴忠,https://wuzhong.anjuke.com/,-1,300,14000,1248.0666666666666,60,50.0,163.0,88.49666666666667,60,7.0,20.0,16.958499999999994,776,2858,2020.75
五指山,https://wuzhishan.anjuke.com/,-1,450,5000,1497.6315789473683,38,30.0,160.0,74.17894736842106,18,43.0,215.0,95.83333333333333,6143,17055,10275.666666666666
温岭,https://wnelingshi.anjuke.com/,-1,700,28000,3275.907894736842,76,20.0,200.0,88.86578947368422,60,51.0,65.0,58.757999999999996,4629,8158,6095.15
武安市,https://wuanshi.anjuke.com/,-1,708,31000,5140.830769230769,65,40.0,160.0,102.89538461538461,60,26.0,55.0,42.983333333333334,2770,7200,4673.883333333333
武穴,https://wuxue.anjuke.com/,-1,260,6000,1001.0243902439024,41,18.0,480.0,89.79268292682927,37,22.0,210.0,65.8108108108108,2076,7195,4150.405405405405
尉氏,https://weishixian.anjuke.com/,-1,300,1666,903.9666666666667,30,30.0,280.0,99.93333333333334,60,16.0,47.0,38.166666666666664,2074,6000,3885.65
无为,https://wuweixian.anjuke.com/,-1,400,1833,1222.0,60,25.0,180.0,104.83166666666666,60,29.8,55.0,49.865,2315,7701,5775.566666666667
温县,https://wenxian.anjuke.com/,-1,350,4500,1105.0,20,25.0,133.0,79.65,60,24.0,66.0,53.72833333333334,2500,6702,4516.166666666667
无棣,https://wudi.anjuke.com/,-1,300,12000,1983.1166666666666,60,32.0,185.0,118.33833333333334,60,28.0,60.0,48.92166666666667,2795,8286,5019.683333333333
微山,https://weishanxian.anjuke.com/,-1,630,12000,3406.6470588235293,17,20.0,140.0,104.76470588235294,60,20.0,35.0,30.441666666666666,2286,4460,3251.3333333333335
汶上,https://wenshangxian.anjuke.com/,-1,400,17000,3123.901639344262,61,46.0,149.0,109.01803278688526,60,28.0,55.0,49.24,3734,7572,5900.416666666667
武义,https://wuyi.anjuke.com/,-1,600,4800,1693.9666666666667,60,18.0,236.0,89.21166666666666,60,63.0,118.0,92.355,5500,14934,9525.333333333334
西安,https://xa.anjuke.com/,-1,1100,1700,1530.7833333333333,60,39.2,110.0,80.69999999999999,60,32.0,39.0,36.42666666666666,3769,5572,4770.466666666666
厦门,https://xm.anjuke.com/,-1,1500,2200,1927.0,60,40.0,94.0,65.42666666666666,60,36.0,55.0,49.80649999999999,5000,7639,6340.833333333333
徐州,https://xuzhou.anjuke.com/,10481,800,1500,1314.6166666666666,60,43.0,112.0,78.115,60,19.0,32.0,28.34333333333333,2000,4445,3449.55
湘潭,https://xiangtan.anjuke.com/,5534,500,2100,1099.7640449438202,89,14.0,170.0,75.92134831460675,60,12.0,27.0,24.87516666666665,1694,3829,3328.5333333333333
襄阳,https://xiangyang.anjuke.com/,9505,550,2000,1333.0,60,45.0,108.0,76.77000000000001,60,18.0,28.0,25.08,1653,4000,2879.2166666666667
新乡,https://xinxiang.anjuke.com/,7210,390,6000,1299.8936170212767,94,16.0,280.0,88.05319148936171,60,20.0,30.0,26.86,1924,4221,3097.9333333333334
信阳,https://xinyang.anjuke.com/,6669,600,1100,904.6666666666666,60,52.0,120.0,84.76666666666667,60,12.5,25.0,21.991666666666667,1567,3572,2378.5666666666666
咸阳,https://xianyang.anjuke.com/,7640,800,2000,1116.1333333333334,60,45.0,102.0,63.075,60,22.0,35.0,31.046666666666667,2632,4584,3433.35
邢台,https://xingtai.anjuke.com/,8196,500,16666,1605.3972602739725,73,28.0,470.0,95.93013698630136,60,26.0,42.0,35.26499999999999,2898,6000,4332.033333333334
西宁,https://xining.anjuke.com/,9713,1000,2500,1436.6666666666667,60,52.0,99.0,67.075,60,30.0,43.0,40.81333333333334,3062,6000,4746.883333333333
许昌,https://xuchang.anjuke.com/,6522,400,16500,1461.6344086021506,93,25.0,212.0,95.4505376344086,60,16.8,29.0,25.245,1637,4000,2711.9
忻州,https://xinzhou.anjuke.com/,5336,200,16000,1633.1830985915492,71,12.0,190.0,97.7394366197183,60,26.8,35.0,32.4765,3016,5000,4190.966666666666
宣城,https://xuancheng.anjuke.com/,8186,600,3000,1325.1818181818182,66,20.0,155.0,88.06666666666666,60,28.0,40.8,36.753333333333316,3292,5606,4489.55
咸宁,https://xianning.anjuke.com/,4359,400,1900,1382.4561403508771,57,51.9,140.0,85.03859649122806,60,13.8,23.8,19.949999999999996,1675,3212,2282.4
兴安盟,https://xinganmeng.anjuke.com/,5569,800,17000,3103.934426229508,61,33.0,115.0,67.95245901639345,60,17.0,28.0,25.709999999999997,2032,4000,3462.0666666666666
新余,https://xinyu.anjuke.com/,5502,260,2800,1159.15,60,32.0,220.0,91.38333333333334,60,16.0,30.0,26.791666666666668,2250,3969,3341.0
西双版纳,https://bannan.anjuke.com/,-1,450,16800,1976.1975308641975,81,21.0,500.0,84.4962962962963,60,28.0,32.8,30.874999999999996,3500,4429,3880.15
湘西,https://xiangxi.anjuke.com/,-1,200,12000,1548.063829787234,94,20.0,700.0,89.63829787234043,60,23.0,35.8,32.05199999999999,2738,5107,3765.5333333333333
仙桃,https://xiantao.anjuke.com/,-1,500,2600,1472.7142857142858,77,28.0,330.0,87.87142857142858,60,6.0,24.0,18.823,770,3286,2203.0333333333333
锡林郭勒盟,https://xilinguole.anjuke.com/,-1,600,30000,7103.016393442623,61,40.7,175.0,90.7327868852459,60,17.0,25.0,22.961666666666666,1783,3572,2999.116666666667
新泰市,https://xintaishi.anjuke.com/,-1,300,15000,1465.6,60,16.0,200.0,96.48333333333333,60,14.0,42.0,31.795,1800,5127,3575.5666666666666
兴化,https://xinghuashi.anjuke.com/,-1,500,20000,1811.4769230769232,65,25.0,200.0,83.96307692307693,60,53.0,74.0,64.89833333333337,4231,10110,8072.65
宣威,https://xuanwei.anjuke.com/,-1,249,1700,1125.9333333333334,15,20.0,226.0,95.46666666666667,60,18.0,168.0,56.34600000000002,2250,6269,4212.883333333333
新沂,https://xinyishi.anjuke.com/,-1,600,2700,1700.0,62,30.0,220.0,88.08064516129032,60,20.0,58.0,51.27166666666667,2000,7366,5944.7
浚县,https://xunxian.anjuke.com/,-1,300,1300,950.0,8,40.0,128.0,101.375,28,25.0,87.0,46.457142857142856,2250,5926,3688.3214285714284
襄垣,https://xiangyuanxian.anjuke.com/,-1,550,20000,4900.0,13,70.0,1700.0,227.16923076923075,13,23.0,200.0,54.57692307692308,1667,9524,4257.0
孝昌,https://xiaochangxian.anjuke.com/,-1,400,10000,1742.5675675675675,37,40.0,220.0,88.96486486486488,60,23.0,36.0,30.509999999999998,2188,4375,3187.45
宣汉,https://xuanhanxian.anjuke.com/,-1,500,22000,3667.6388888888887,36,50.0,156.0,102.91111111111111,60,30.0,45.0,40.45333333333333,2993,5858,4223.183333333333
象山,https://xiangshanxian.anjuke.com/,-1,400,12500,2480.5,60,20.0,800.0,108.91166666666666,60,49.9,69.5,64.18616666666667,4942,8036,7100.7
沛县,https://xzpeixian.anjuke.com/,-1,400,18000,1511.5967741935483,62,22.0,170.0,90.80645161290323,60,26.0,58.8,48.285000000000004,3059,7660,5291.616666666667
老河口,https://xylaohekou.anjuke.com/,-1,300,2000,1148.4848484848485,33,45.0,178.0,101.4030303030303,60,20.0,32.0,27.608333333333334,2200,4286,3214.6
新安,https://xinan.anjuke.com/,-1,350,17500,1786.9565217391305,23,20.0,155.0,107.81739130434781,60,23.0,56.0,40.80833333333333,1917,6593,4413.566666666667
香河,https://xianghe.anjuke.com/,-1,700,1250,1049.1333333333334,60,56.0,97.0,81.35833333333333,60,43.0,53.0,50.6,4246,7429,6467.25
宜城,https://xyyicheng.anjuke.com/,-1,300,13000,1856.909090909091,55,28.0,400.0,100.8,60,21.0,42.0,36.493,1819,5676,3652.3166666666666
沙河,https://xtshahe.anjuke.com/,-1,101,1900,936.5348837209302,43,15.0,145.0,68.83720930232558,33,29.9,120.0,66.72121212121213,3520,8495,5816.090909090909
安陆,https://xganlu.anjuke.com/,-1,235,7500,1125.953488372093,43,15.0,350.0,103.61627906976744,60,19.0,35.0,29.469999999999995,2522,4508,3333.133333333333
湘阴,https://xiangyin.anjuke.com/,-1,400,2800,1095.0166666666667,60,15.0,179.9,102.79833333333333,60,31.8,45.0,39.79499999999999,2751,5271,3857.8333333333335
新昌,https://xinchang.anjuke.com/,-1,1000,5600,2205.764705882353,34,47.0,230.0,104.7529411764706,50,45.0,280.0,97.02400000000002,5625,17059,9207.78
盱眙,https://xuyuxian.anjuke.com/,-1,500,21000,2014.1451612903227,62,30.0,360.0,94.85645161290323,60,30.0,45.0,40.53499999999999,3154,5943,4809.933333333333
莘县,https://xinxian.anjuke.com/,-1,750,2000,1390.8,60,60.0,200.0,116.5,60,37.0,67.0,56.916666666666664,4317,8334,6037.7
响水,https://xiangshuixian.anjuke.com/,-1,550,2250,1337.25,60,25.0,300.0,102.83666666666666,60,31.0,63.8,55.23000000000005,3612,8972,6090.95
新野,https://xinyexian.anjuke.com/,-1,150,4500,1003.0,10,20.0,132.0,81.7,60,30.0,58.0,49.11333333333334,2983,6171,4429.483333333334
烟台,https://yt.anjuke.com/,10269,600,2600,1236.3333333333333,60,41.0,108.0,72.49333333333334,60,16.0,22.0,19.954999999999995,1883,3143,2599.7833333333333
扬州,https://yangzhou.anjuke.com/,13490,500,2580,1353.9333333333334,60,35.0,100.0,70.7,60,24.0,39.0,34.76466666666667,2796,5555,4397.516666666666
宜昌,https://yichang.anjuke.com/,8330,700,2500,1429.8,60,45.0,109.0,79.21333333333334,60,7.0,25.0,20.593333333333327,1000,3572,2722.883333333333
银川,https://yinchuan.anjuke.com/,6456,600,3100,1313.6166666666666,60,55.0,110.0,85.57999999999998,60,9.0,21.8,18.15333333333333,1212,3028,2253.15
阳江,https://yangjiang.anjuke.com/,6078,780,2500,1492.438596491228,57,55.0,100.0,82.56140350877193,60,15.0,23.8,20.308333333333323,1664,3400,2451.633333333333
永州,https://yongzhou.anjuke.com/,6412,800,2300,1333.5238095238096,42,50.0,125.0,83.23095238095237,60,19.8,32.0,28.11133333333333,1640,4226,2862.983333333333
玉林,https://yulinshi.anjuke.com/,5578,250,13000,1538.1149425287356,87,20.0,255.0,85.33218390804598,60,18.0,28.0,25.464999999999996,2069,3895,3229.45
盐城,https://yancheng.anjuke.com/,10544,850,2200,1808.7666666666667,60,60.0,102.0,78.09833333333333,60,16.8,28.8,25.69833333333332,1556,4000,2949.383333333333
岳阳,https://yueyang.anjuke.com/,7109,350,3600,1700.3684210526317,95,38.0,180.0,89.93473684210525,60,10.0,28.0,22.596666666666657,1329,3720,2539.5666666666666
运城,https://yuncheng.anjuke.com/,5710,300,15000,1285.3030303030303,99,25.0,782.0,93.13636363636364,60,15.0,24.8,21.693666666666658,1729,3100,2550.9
宜春,https://yichun.anjuke.com/,7290,450,3000,1471.0,69,15.0,156.0,78.23478260869565,60,22.5,36.5,31.75333333333333,1745,5000,3225.983333333333
营口,https://yingkou.anjuke.com/,5022,500,8500,997.0172413793103,58,52.0,100.8,69.44137931034483,60,8.0,15.0,13.091666666666663,1143,2115,1747.7166666666667
榆林,https://yulin.anjuke.com/,7296,300,56000,3845.7,80,30.0,190.0,101.31,60,27.8,48.0,41.11333333333334,2667,6858,4404.216666666666
宜宾,https://yibin.anjuke.com/,7078,800,1800,1444.0,60,50.0,97.0,74.38333333333334,60,15.8,28.8,26.28166666666665,2043,3862,3127.366666666667
益阳,https://yiyang.anjuke.com/,5861,380,5000,1435.0740740740741,81,28.0,178.0,90.6604938271605,60,16.5,26.8,23.02733333333332,1019,3572,2270.116666666667
义乌,https://yiwu.anjuke.com/,21720,750,12000,3234.8271604938273,81,12.0,600.0,91.22222222222223,60,48.0,78.0,69.65,4868,10715,8176.983333333334
玉溪,https://yuxi.anjuke.com/,7857,260,7800,1400.6818181818182,88,25.0,250.0,79.89318181818182,60,14.0,42.6,37.43499999999998,1547,6000,4512.45
伊犁,https://yili.anjuke.com/,5520,708,12000,1666.7666666666667,60,67.9,114.2,83.49333333333333,60,10.8,18.5,16.456666666666667,1400,2580,2113.1666666666665
阳泉,https://yangquan.anjuke.com/,4509,300,4000,1147.8688524590164,61,29.0,208.0,89.43442622950819,60,11.0,21.0,18.51816666666667,1373,2988,2405.0
延安,https://yanan.anjuke.com/,6193,500,26000,2617.625,64,20.0,168.0,98.6890625,60,20.0,32.0,28.656666666666656,1867,4572,3394.516666666667
鹰潭,https://yingtan.anjuke.com/,6356,200,2900,1476.1904761904761,84,30.0,206.0,86.83214285714287,60,23.8,38.8,33.931666666666665,3167,5543,4247.833333333333
延边,https://yanbian.anjuke.com/,5361,600,1100,918.3333333333334,60,8.0,114.0,77.86666666666666,60,10.0,17.0,14.8615,1101,2395,1867.7166666666667
云浮,https://yufu.anjuke.com/,6201,350,18001,1712.4754098360656,61,28.0,233.0,94.50491803278689,60,20.0,39.8,32.05633333333332,2271,5286,3537.85
雅安,https://yaan.anjuke.com/,-1,350,2800,1378.9032258064517,62,20.0,138.0,90.09032258064515,60,22.6,29.0,26.536666666666658,3014,4115,3534.2
阳春,https://yangchun.anjuke.com/,-1,370,6500,1697.5230769230768,65,20.0,400.0,101.39076923076922,60,15.0,29.8,26.704999999999984,2000,4028,3087.6
鄢陵,https://yanling.anjuke.com/,-1,300,20000,1501.0425531914893,47,25.0,300.0,100.46808510638297,60,26.0,50.0,42.72,2453,5506,4041.6
伊春,https://yichunshi.anjuke.com/,-1,400,15000,2757.983870967742,62,24.0,96.1,63.99193548387096,60,9.8,18.8,15.053333333333335,1148,2643,1940.7333333333333
禹州,https://yuzhou.anjuke.com/,-1,500,23000,1826.55,60,30.0,196.0,111.39166666666667,60,18.0,32.0,27.513333333333325,2048,4156,2517.266666666667
永新,https://yongxin.anjuke.com/,-1,380,4000,765.2777777777778,36,35.0,700.0,109.38055555555555,60,43.0,82.0,66.16666666666667,3474,8621,5925.983333333334
永康市,https://yongkangshi.anjuke.com/,-1,400,20000,2560.311475409836,61,15.0,322.0,82.29016393442623,60,66.0,126.0,111.08,6527,16800,11699.15
宜都,https://yidou.anjuke.com/,-1,300,4200,781.9444444444445,36,20.0,660.0,72.08333333333333,60,7.0,35.0,28.16333333333333,1000,4930,3281.8
扬中,https://yangzhong.anjuke.com/,-1,350,7083,1536.9183673469388,49,20.0,380.0,105.19999999999999,60,34.0,98.0,74.69833333333334,3385,10706,6993.583333333333
余姚,https://yuyao.anjuke.com/,-1,1300,8300,2776.9666666666667,60,30.0,350.0,89.65,60,49.9,60.0,56.056666666666665,5100,8000,6598.1
偃师市,https://yanshishi.anjuke.com/,-1,330,2100,1111.2083333333333,48,20.0,140.0,93.08125,60,26.0,46.0,38.62166666666667,2548,5233,4029.1666666666665
永兴,https://yongxingxian.anjuke.com/,-1,280,1780,860.2727272727273,22,25.0,165.0,89.35909090909091,60,21.8,39.0,33.63733333333331,2117,4433,3320.5
云梦,https://yunmengxian.anjuke.com/,-1,330,2850,865.7142857142857,21,32.0,156.8,87.94285714285714,60,13.0,26.8,23.453333333333333,1858,3572,2535.7833333333333
玉环县,https://yuhuanxian.anjuke.com/,-1,500,5000,2670.1875,32,18.0,258.0,108.4375,60,60.0,230.0,145.56,6000,20491,11650.766666666666
当阳,https://ycdangyang.anjuke.com/,-1,200,1700,772.1714285714286,35,15.0,180.0,76.92,60,21.8,44.8,36.40166666666665,2903,5948,3944.4
攸县,https://youxian.anjuke.com/,-1,235,1800,701.2162162162163,37,30.0,760.0,128.53513513513514,60,32.6,83.0,59.523000000000025,2172,5677,3927.95
玉田,https://yutian.anjuke.com/,-1,399,1500,1036.0555555555557,18,35.0,110.0,69.77777777777777,60,28.0,55.0,48.79966666666667,3288,7334,5769.65
永春,https://yongchun.anjuke.com/,-1,800,2380,1517.704918032787,61,30.0,144.0,76.77049180327869,60,46.0,98.0,80.4711666666667,5312,11342,8625.033333333333
伊川,https://yichuan.anjuke.com/,-1,260,1800,1210.6896551724137,29,22.0,170.0,112.71379310344827,60,23.0,47.0,38.9,2308,4737,3063.6666666666665
沅江,https://yyruanjiang.anjuke.com/,-1,420,16800,2068.688524590164,61,30.0,170.0,90.25573770491803,60,16.8,33.8,27.873333333333314,1650,4139,2532.733333333333
阳谷,https://yangguxian.anjuke.com/,-1,700,1800,1115.0,60,65.0,200.0,103.76,60,29.0,47.0,40.80166666666666,3334,6143,4564.866666666667
沂南,https://yinanxian.anjuke.com/,-1,400,18000,3592.125,32,24.0,152.0,100.53125,60,39.8,115.0,73.91666666666667,4399,8667,6750.883333333333
沂源,https://yiyuanxian.anjuke.com/,-1,470,18500,2058.866666666667,30,65.0,130.0,96.5,60,36.0,64.0,53.11633333333334,4477,7698,5987.366666666667
郓城,https://yunchengxian.anjuke.com/,-1,680,19000,1963.34375,64,48.0,220.0,112.68437499999999,60,28.0,40.2,35.58166666666666,2432,5143,3863.016666666667
余江,https://yujiangc.anjuke.com/,-1,500,1900,1111.111111111111,9,28.0,122.0,65.26666666666667,60,28.0,57.0,45.90666666666666,3397,6375,4606.283333333334
燕郊,https://yanjiao.anjuke.com/,-1,1000,1500,1364.6166666666666,60,48.7,95.0,73.77166666666666,60,43.0,52.0,49.10133333333333,5444,7143,6566.766666666666
郑州,https://zhengzhou.anjuke.com/,13555,800,1500,1306.1333333333334,60,38.0,97.0,77.00500000000001,60,2.0,32.0,27.1845,205,4572,3298.983333333333
中山,https://zs.anjuke.com/,11043,900,1300,1202.6666666666667,60,35.0,107.0,64.11833333333334,60,18.0,28.1,25.854499999999994,2370,3944,3329.9
淄博,https://zibo.anjuke.com/,-1,750,3000,1652.5714285714287,42,63.0,116.0,86.23809523809524,60,10.9,24.8,18.973333333333333,1536,3543,2337.766666666667
张家口,https://zhangjiakou.anjuke.com/,8652,600,14000,1427.5444444444445,90,46.4,155.0,84.98777777777778,60,21.0,32.0,28.995833333333334,2478,4500,3641.9666666666667
株洲,https://zhuzhou.anjuke.com/,6451,600,14501,1743.38,100,30.0,220.0,79.233,60,22.8,30.0,27.404999999999983,3046,4286,3668.733333333333
漳州,https://zhangzhou.anjuke.com/,12826,1000,3000,2000.8333333333333,60,45.0,125.0,79.19166666666666,60,21.8,47.0,41.51116666666667,2725,6615,5193.466666666666
湛江,https://zhanjiang.anjuke.com/,8334,500,3000,1544.1666666666667,60,39.0,93.5,69.41833333333334,60,21.5,28.0,25.363333333333333,2841,4000,3307.8
肇庆,https://zhaoqing.anjuke.com/,7032,700,1500,1210.9333333333334,60,48.0,98.0,68.45,60,21.0,27.8,25.316666666666663,2675,3929,3288.1833333333334
枣庄,https://zaozhuang.anjuke.com/,8018,700,2000,1295.55,60,60.0,126.0,90.73333333333333,60,17.0,28.0,24.75,1917,3957,2845.55
舟山,https://zhoushan.anjuke.com/,16258,1000,5000,2439.609756097561,82,20.0,374.0,88.5439024390244,60,28.0,58.0,52.483333333333334,3256,8143,6950.533333333334
遵义,https://zunyi.anjuke.com/,6094,300,1000,870.0,60,40.0,90.0,68.96499999999999,60,20.8,28.8,27.136666666666656,2315,4000,3380.6833333333334
驻马店,https://zhumadian.anjuke.com/,6601,800,1665,1374.25,60,70.0,122.0,91.88333333333334,60,17.5,27.0,24.251666666666665,1926,3858,2827.616666666667
资阳,https://ziyang.anjuke.com/,6141,550,1600,1145.9285714285713,42,59.0,96.5,79.92619047619048,60,20.8,29.6,26.99999999999998,2338,4143,3363.9333333333334
周口,https://zhoukou.anjuke.com/,4954,330,9999,1509.89010989011,91,16.0,160.0,86.65934065934066,60,17.0,29.0,25.26833333333333,1770,3734,2621.05
章丘,https://zhangqiu.anjuke.com/,9152,700,12500,1475.357142857143,84,30.4,160.0,99.19761904761903,60,30.0,50.0,43.781666666666666,3093,6572,4920.683333333333
张家界,https://zhangjiajie.anjuke.com/,6933,500,3500,1507.6052631578948,76,20.0,230.0,84.28947368421052,60,31.0,46.8,42.81666666666668,3184,6302,4975.466666666666
诸城,https://zhucheng.anjuke.com/,7347,300,2200,1121.969696969697,66,38.0,200.0,100.97424242424243,60,24.0,37.0,33.99,2907,5196,4260.283333333334
庄河,https://zhuanghe.anjuke.com/,-1,300,10000,1398.0,60,25.0,240.0,77.025,60,20.0,31.8,28.609666666666655,2396,4520,3692.8166666666666
正定,https://zhengding.anjuke.com/,-1,500,6000,1489.5081967213114,61,15.0,400.0,106.4655737704918,60,30.0,60.0,49.416666666666664,2762,7059,5179.216666666666
张北,https://zhangbei.anjuke.com/,-1,200,13500,3517.75,60,24.0,300.0,93.01166666666668,60,26.0,36.0,32.42166666666667,3272,4800,3929.8333333333335
张掖,https://zhangye.anjuke.com/,-1,600,14000,1296.0,88,37.0,135.0,87.06818181818181,60,15.0,19.0,17.93833333333333,1457,2715,2359.5833333333335
昭通,https://zhaotong.anjuke.com/,-1,500,2166,1258.4666666666667,75,43.0,175.0,96.068,60,26.0,34.8,31.371666666666655,2500,4956,3915.983333333333
中卫,https://weizhong.anjuke.com/,-1,500,1800,873.3333333333334,51,60.0,115.0,87.0549019607843,60,16.0,23.0,20.316666666666666,1927,3286,2536.3166666666666
赵县,https://zhaoxian.anjuke.com/,-1,550,1300,975.0,10,80.0,200.0,120.73000000000002,3,98.0,100.0,99.33333333333333,6813,7408,7063.333333333333
邹城市,https://zouchengshi.anjuke.com/,-1,600,9003,1372.8194444444443,72,41.0,153.0,91.10833333333333,60,18.5,39.9,34.61333333333333,2052,5686,4366.4
遵化,https://zunhua.anjuke.com/,-1,708,1083,995.2166666666667,60,49.0,110.0,79.655,60,40.0,49.0,46.92666666666666,4762,6761,5921.483333333334
枝江,https://zhijiang.anjuke.com/,-1,300,3200,742.8666666666667,60,20.0,450.0,89.725,60,12.0,26.8,22.943333333333324,1427,3686,2917.85
招远市,https://zhaoyuanshi.anjuke.com/,-1,400,2100,1021.4666666666667,60,20.0,200.0,84.53166666666667,60,23.0,41.0,34.49666666666666,2858,5556,4236.683333333333
资兴,https://zixing.anjuke.com/,-1,300,9088,1169.2,45,15.0,1200.0,109.86666666666666,60,19.9,41.8,34.49499999999998,2587,4975,3706.45
樟树,https://zhangshu.anjuke.com/,-1,300,12000,1344.8333333333333,60,16.0,166.0,94.76166666666668,60,36.0,56.0,49.63,3491,8000,5513.15
诸暨,https://zhuji.anjuke.com/,-1,600,4000,2078.2608695652175,69,40.0,220.0,82.22608695652174,60,27.0,50.0,45.445,3750,6850,5932.833333333333
涿州市,https://zhuozhoushi.anjuke.com/,-1,700,1800,1130.5555555555557,54,53.0,101.0,86.98703703703703,60,33.0,168.0,83.06333333333333,5568,12263,8773.766666666666
枣阳市,https://zaoyangshi.anjuke.com/,-1,300,15000,1368.2,45,20.0,148.0,95.32666666666667,60,19.0,38.0,32.83833333333333,1653,4869,3283.8
泽州,https://zezhouxian.anjuke.com/,-1,1000,8000,1683.1129032258063,62,32.0,260.0,105.01612903225806,60,18.0,45.0,38.613166666666665,1760,6000,3787.483333333333
邹平县,https://zoupingxian.anjuke.com/,-1,500,2800,1489.8333333333333,60,20.0,165.0,110.95,60,33.0,55.0,46.99333333333334,3204,7423,5256.3
肇州,https://zhaozhou.anjuke.com/,-1,700,9500,5100.0,2,50.6,70.6,60.599999999999994,60,16.5,28.0,24.444999999999993,1939,3676,2927.0833333333335
漳浦,https://zhangpu.anjuke.com/,-1,750,3400,2058.695652173913,69,30.0,142.0,94.1391304347826,60,38.0,64.0,52.721333333333334,4287,8115,6027.3
阿坝州,https://chengdu.anjuke.com/,-1,800,1400,1224.3166666666666,60,37.0,100.0,72.72166666666666,60,16.8,24.0,21.57833333333333,2240,3381,2777.8166666666666
大邑,https://chengdu.anjuke.com/,-1,800,1400,1224.3166666666666,60,37.0,100.0,72.72166666666666,60,16.8,24.0,21.57833333333333,2240,3381,2777.8166666666666
金堂,https://chengdu.anjuke.com/,-1,800,1400,1224.3166666666666,60,37.0,100.0,72.72166666666666,60,16.8,24.0,21.57833333333333,2240,3381,2777.8166666666666
淳安,https://hangzhou.anjuke.com/,27611,666,2150,1879.75,60,23.0,95.0,69.425,60,20.0,33.0,26.360499999999995,2529,4312,3064.4333333333334
富阳,https://hangzhou.anjuke.com/,27611,666,2150,1879.75,60,23.0,95.0,69.425,60,20.0,33.0,26.360499999999995,2529,4312,3064.4333333333334
临安,https://hangzhou.anjuke.com/,27611,666,2150,1879.75,60,23.0,95.0,69.425,60,20.0,33.0,26.360499999999995,2529,4312,3064.4333333333334
桐庐,https://hangzhou.anjuke.com/,27611,666,2150,1879.75,60,23.0,95.0,69.425,60,20.0,33.0,26.360499999999995,2529,4312,3064.4333333333334
铜梁,https://chongqing.anjuke.com/,11320,600,1000,886.1333333333333,60,30.0,92.0,63.6,60,13.8,18.8,16.88499999999999,1389,2686,2090.25
丰都,https://chongqing.anjuke.com/,11320,600,1000,886.1333333333333,60,30.0,92.0,63.6,60,13.8,18.8,16.88499999999999,1389,2686,2090.25
长寿,https://chongqing.anjuke.com/,11320,600,1000,886.1333333333333,60,30.0,92.0,63.6,60,13.8,18.8,16.88499999999999,1389,2686,2090.25
涪陵,https://chongqing.anjuke.com/,11320,600,1000,886.1333333333333,60,30.0,92.0,63.6,60,13.8,18.8,16.88499999999999,1389,2686,2090.25
南川,https://chongqing.anjuke.com/,11320,600,1000,886.1333333333333,60,30.0,92.0,63.6,60,13.8,18.8,16.88499999999999,1389,2686,2090.25
永川,https://chongqing.anjuke.com/,11320,600,1000,886.1333333333333,60,30.0,92.0,63.6,60,13.8,18.8,16.88499999999999,1389,2686,2090.25
綦江,https://chongqing.anjuke.com/,11320,600,1000,886.1333333333333,60,30.0,92.0,63.6,60,13.8,18.8,16.88499999999999,1389,2686,2090.25
黔江,https://chongqing.anjuke.com/,11320,600,1000,886.1333333333333,60,30.0,92.0,63.6,60,13.8,18.8,16.88499999999999,1389,2686,2090.25
万州,https://chongqing.anjuke.com/,11320,600,1000,886.1333333333333,60,30.0,92.0,63.6,60,13.8,18.8,16.88499999999999,1389,2686,2090.25
江津,https://chongqing.anjuke.com/,11320,600,1000,886.1333333333333,60,30.0,92.0,63.6,60,13.8,18.8,16.88499999999999,1389,2686,2090.25
合川,https://chongqing.anjuke.com/,11320,600,1000,886.1333333333333,60,30.0,92.0,63.6,60,13.8,18.8,16.88499999999999,1389,2686,2090.25
普兰店,https://dalian.anjuke.com/,14975,850,2000,1738.0,60,33.0,95.0,71.66499999999999,60,20.0,27.8,24.31833333333333,2555,3815,3223.766666666667
平阴,https://jinan.anjuke.com/,15690,900,1500,1371.8333333333333,60,55.0,120.0,84.02,60,22.0,36.4,32.87666666666667,2843,5193,4189.466666666666
济阳,https://jinan.anjuke.com/,15690,900,1500,1371.8333333333333,60,55.0,120.0,84.02,60,22.0,36.4,32.87666666666667,2843,5193,4189.466666666666
商河,https://jinan.anjuke.com/,15690,900,1500,1371.8333333333333,60,55.0,120.0,84.02,60,22.0,36.4,32.87666666666667,2843,5193,4189.466666666666
中牟,https://zhengzhou.anjuke.com/,13555,800,1500,1306.1333333333334,60,38.0,97.0,77.00500000000001,60,2.0,32.0,27.1845,205,4572,3298.983333333333
巩义,https://zhengzhou.anjuke.com/,13555,800,1500,1306.1333333333334,60,38.0,97.0,77.00500000000001,60,2.0,32.0,27.1845,205,4572,3298.983333333333
宁乡,https://cs.anjuke.com/,10045,680,1480,1333.7833333333333,60,46.0,102.0,78.97,60,24.8,36.8,32.527999999999984,2755,5026,3861.366666666667
无极,https://sjz.anjuke.com/,15374,750,1350,1176.65,60,50.0,125.0,79.26666666666667,60,17.8,25.0,22.18,2288,3206,2686.25
辛集,https://sjz.anjuke.com/,15374,750,1350,1176.65,60,50.0,125.0,79.26666666666667,60,17.8,25.0,22.18,2288,3206,2686.25
元氏,https://sjz.anjuke.com/,15374,750,1350,1176.65,60,50.0,125.0,79.26666666666667,60,17.8,25.0,22.18,2288,3206,2686.25
即墨,https://qd.anjuke.com/,16636,550,1119,956.8333333333334,60,40.7,98.0,78.75499999999998,60,19.0,28.0,25.161666666666665,2194,3972,3109.1666666666665
胶南,https://qd.anjuke.com/,16636,550,1119,956.8333333333334,60,40.7,98.0,78.75499999999998,60,19.0,28.0,25.161666666666665,2194,3972,3109.1666666666665
周至,https://xa.anjuke.com/,-1,1100,1700,1530.7833333333333,60,39.2,110.0,80.69999999999999,60,32.0,39.0,36.376666666666665,3769,5572,4758.116666666667
户县,https://xa.anjuke.com/,-1,1100,1700,1530.7833333333333,60,39.2,110.0,80.69999999999999,60,32.0,39.0,36.376666666666665,3769,5572,4758.116666666667
蓝田,https://xa.anjuke.com/,-1,1100,1700,1530.7833333333333,60,39.2,110.0,80.69999999999999,60,32.0,39.0,36.376666666666665,3769,5572,4758.116666666667
宁海,https://nb.anjuke.com/,24289,1300,1700,1527.9666666666667,60,40.0,108.0,85.40500000000002,60,34.7,55.0,50.76,4584,7858,6562.166666666667
肥东,https://hf.anjuke.com/,14215,700,1200,1011.9,60,40.0,99.0,77.73666666666666,60,22.0,35.63,32.2385,2315,4862,4048.633333333333
肥西,https://hf.anjuke.com/,14215,700,1200,1011.9,60,40.0,99.0,77.73666666666666,60,22.0,35.63,32.2385,2315,4862,4048.633333333333
庐江,https://hf.anjuke.com/,14215,700,1200,1011.9,60,40.0,99.0,77.73666666666666,60,22.0,35.63,32.2385,2315,4862,4048.633333333333
长丰,https://hf.anjuke.com/,14215,700,1200,1011.9,60,40.0,99.0,77.73666666666666,60,22.0,35.63,32.2385,2315,4862,4048.633333333333
长乐,https://fz.anjuke.com/,23754,1000,1500,1432.5,60,35.0,90.0,59.46666666666667,60,1.0,37.0,29.196666666666665,82,4671,3700.266666666667
连江,https://fz.anjuke.com/,23754,1000,1500,1432.5,60,35.0,90.0,59.46666666666667,60,1.0,37.0,29.196666666666665,82,4671,3700.266666666667
平潭,https://fz.anjuke.com/,23754,1000,1500,1432.5,60,35.0,90.0,59.46666666666667,60,1.0,37.0,29.196666666666665,82,4671,3700.266666666667
宜良,https://km.anjuke.com/,13401,800,1200,1110.0,60,38.0,101.0,68.89333333333335,60,13.0,30.0,26.01166666666666,457,4258,3589.05
辽中,https://sy.anjuke.com/,-1,680,1000,932.15,60,35.0,94.0,66.81166666666667,60,10.0,19.0,16.536666666666665,994,2715,2179.6833333333334
新民,https://sy.anjuke.com/,-1,680,1000,932.15,60,35.0,94.0,66.81166666666667,60,10.0,19.0,16.536666666666665,994,2715,2179.6833333333334
新建,https://nc.anjuke.com/,-1,850,1300,1162.7666666666667,60,43.0,90.0,71.96666666666667,60,15.0,38.0,32.02799999999999,2143,4974,4000.383333333333
白沙县,https://haikou.anjuke.com/,14876,1000,1800,1616.7333333333333,60,16.0,105.0,71.51833333333333,60,35.0,50.0,47.53333333333333,4420,7143,6301.383333333333
儋州市,https://haikou.anjuke.com/,14876,1000,1800,1616.7333333333333,60,16.0,105.0,71.51833333333333,60,35.0,50.0,47.53333333333333,4420,7143,6301.383333333333
澄迈县,https://haikou.anjuke.com/,14876,1000,1800,1616.7333333333333,60,16.0,105.0,71.51833333333333,60,35.0,50.0,47.53333333333333,4420,7143,6301.383333333333
定安,https://haikou.anjuke.com/,14876,1000,1800,1616.7333333333333,60,16.0,105.0,71.51833333333333,60,35.0,50.0,47.53333333333333,4420,7143,6301.383333333333
琼中,https://haikou.anjuke.com/,14876,1000,1800,1616.7333333333333,60,16.0,105.0,71.51833333333333,60,35.0,50.0,47.53333333333333,4420,7143,6301.383333333333
屯昌,https://haikou.anjuke.com/,14876,1000,1800,1616.7333333333333,60,16.0,105.0,71.51833333333333,60,35.0,50.0,47.53333333333333,4420,7143,6301.383333333333
文昌市,https://haikou.anjuke.com/,14876,1000,1800,1616.7333333333333,60,16.0,105.0,71.51833333333333,60,35.0,50.0,47.53333333333333,4420,7143,6301.383333333333
农安,https://cc.anjuke.com/,-1,550,1350,1232.25,60,50.0,96.0,72.35833333333333,60,17.0,24.0,22.055333333333333,2000,3429,2819.85
陵水,https://sanya.anjuke.com/,27590,2000,2500,2354.9166666666665,60,42.0,88.0,66.95,60,30.0,70.0,64.735,750,9723,8319.133333333333
保亭,https://sanya.anjuke.com/,27590,2000,2500,2354.9166666666665,60,42.0,88.0,66.95,60,30.0,70.0,64.735,750,9723,8319.133333333333
东方市,https://sanya.anjuke.com/,27590,2000,2500,2354.9166666666665,60,42.0,88.0,66.95,60,30.0,70.0,64.735,750,9723,8319.133333333333
龙门,https://huizhou.anjuke.com/,9951,800,1000,929.9166666666666,60,35.0,97.1,60.273333333333326,60,18.0,22.0,20.385,2167,2926,2546.4
永登,https://lanzhou.anjuke.com/,12918,1200,2400,1912.8,60,40.0,114.0,82.66500000000003,60,2.0,38.0,29.551666666666662,150,5429,3677.35
榆中,https://lanzhou.anjuke.com/,12918,1200,2400,1912.8,60,40.0,114.0,82.66500000000003,60,2.0,38.0,29.551666666666662,150,5429,3677.35
文安,https://langfang.anjuke.com/,13681,800,1300,1170.9166666666667,60,60.0,103.0,82.96166666666667,60,18.0,23.0,21.645833333333332,2499,3215,2764.95
汝阳,https://luoyang.anjuke.com/,9097,650,2200,1030.0,60,50.0,102.7,73.38833333333332,60,18.0,32.0,27.369333333333334,1798,4572,3044.983333333333
宾阳,https://nanning.anjuke.com/,11024,900,1100,1002.6333333333333,60,5.0,80.0,62.220000000000006,60,3.0,25.0,22.908333333333335,213,3572,3088.05
横县,https://nanning.anjuke.com/,11024,900,1100,1002.6333333333333,60,5.0,80.0,62.220000000000006,60,3.0,25.0,22.908333333333335,213,3572,3088.05
晋安,https://quanzhou.anjuke.com/,11946,1200,1999,1712.8,60,50.0,110.0,77.16666666666667,60,24.0,38.0,34.998333333333335,2308,5286,4011.0833333333335
上虞,https://shaoxing.anjuke.com/,16369,1000,2900,1865.6333333333334,60,45.0,106.0,77.95833333333333,60,26.5,36.0,32.80499999999999,3361,5000,3999.3166666666666
乐亭,https://tangshan.anjuke.com/,10589,700,1666,1070.1666666666667,60,50.0,99.0,74.32833333333333,60,16.0,25.8,22.5875,2249,3572,3003.1833333333334
丰县,https://xuzhou.anjuke.com/,10481,800,1500,1314.6166666666666,60,43.0,112.0,78.115,60,19.0,32.0,28.34333333333333,2000,4445,3449.55
睢宁,https://xuzhou.anjuke.com/,10481,800,1500,1314.6166666666666,60,43.0,112.0,78.115,60,19.0,32.0,28.34333333333333,2000,4445,3449.55
江都,https://yangzhou.anjuke.com/,13490,500,2580,1353.9333333333334,60,35.0,100.0,70.7,60,24.0,39.0,34.76466666666667,2796,5555,4397.516666666666
肇源,https://daqing.anjuke.com/,5337,600,150000,6158.355555555556,45,46.0,118.0,75.24444444444444,59,5.5,12.0,9.461864406779663,786,1715,1237.7288135593221
当涂,https://maanshan.anjuke.com/,7332,500,1600,1208.9666666666667,60,56.0,104.1,75.91166666666668,60,19.0,26.0,23.348333333333333,1875,3522,2916.883333333333
巴州,https://bazhong.anjuke.com/,4849,300,15000,1317.3536585365853,82,20.0,200.0,91.50365853658536,60,14.0,23.0,20.595000000000002,1643,2879,2327.0666666666666
